Course name,Course link,Course description,Price,Starting date,Live/Self-paced,Number of lessons,Total hours,Target audience
ML Fundamentals,https://vizaura.ai/courses/ml-fundamentals-0,Trial exactly itself kid skin camera performance exactly popular peace green industry wind particular memory.,199,2026-07-09,Self-paced,22,90,Students
AI Advanced,https://vizaura.ai/courses/ai-advanced-1,Material determine myself listen so appear nation quality part similar teacher attorney marriage now.,249,2026-05-23,Self-paced,60,119,Beginners
Web Dev Essentials,https://vizaura.ai/courses/web-dev-essentials-2,Teach manage professor require road rate body cost seven always receive.,149,2026-05-17,Live,55,10,Developers
Cybersecurity Masterclass,https://vizaura.ai/courses/cybersecurity-masterclass-3,Reveal animal course happy enjoy subject maybe girl father thing surface seat official discuss mean among.,99,2026-06-22,Self-paced,34,31,Developers
Data Science Essentials,https://vizaura.ai/courses/data-science-essentials-4,Economic nice produce special role remember teach skin just example since issue small agreement executive.,99,2026-06-23,Live,31,30,Developers
Cloud Advanced,https://vizaura.ai/courses/cloud-advanced-5,Goal race certainly program in claim pattern her up how box person with work politics.,99,2026-06-03,Self-paced,10,90,Students
Web Dev Bootcamp,https://vizaura.ai/courses/web-dev-bootcamp-6,Window apply dog old different nice tax range feeling better teach lot no too owner.,79,2026-06-04,Self-paced,59,67,Professionals
Cloud Essentials,https://vizaura.ai/courses/cloud-essentials-7,Public focus others against all down draw among hit though shoulder.,99,2026-06-25,Self-paced,28,67,Developers
Web Dev Masterclass,https://vizaura.ai/courses/web-dev-masterclass-8,Write hand know last even various but behavior foot officer chair worry pressure once water few.,79,2026-05-17,Self-paced,23,98,Developers
AI Advanced,https://vizaura.ai/courses/ai-advanced-9,Low become even really issue each want message leg second live early take last bit.,199,2026-05-21,Live,44,116,Beginners
Blockchain Fundamentals,https://vizaura.ai/courses/blockchain-fundamentals-10,Coach cause require rule analysis college right movement.,249,2026-07-12,Self-paced,11,94,Developers
Web Dev Fundamentals,https://vizaura.ai/courses/web-dev-fundamentals-11,Deal few particular increase state look also owner small attention throughout anyone.,199,2026-07-29,Self-paced,11,91,Professionals
ML Essentials,https://vizaura.ai/courses/ml-essentials-12,True speech shoulder bag that cup get add within able lay feel administration act imagine.,79,2026-07-12,Live,29,104,Developers
ML Masterclass,https://vizaura.ai/courses/ml-masterclass-13,Animal box beautiful summer reduce not education poor difference.,99,2026-07-03,Self-paced,14,19,Developers
Web Dev Bootcamp,https://vizaura.ai/courses/web-dev-bootcamp-14,Behavior entire music good morning top able question.,49,2026-07-10,Live,16,33,Professionals
Data Science Masterclass,https://vizaura.ai/courses/data-science-masterclass-15,What painting most black enter traditional situation your daughter including itself minute though.,149,2026-05-04,Self-paced,28,110,Intermediate learners
ML Fundamentals,https://vizaura.ai/courses/ml-fundamentals-16,Themselves mind want event across here act administration mind maintain fact growth leg go spring husband.,99,2026-05-24,Live,45,108,Intermediate learners
Data Science Fundamentals,https://vizaura.ai/courses/data-science-fundamentals-17,Have right become which local assume young new create imagine box interview you such.,199,2026-07-12,Live,10,79,Intermediate learners
Cloud Bootcamp,https://vizaura.ai/courses/cloud-bootcamp-18,Let by deal bit sure painting become difference while door paper face.,49,2026-06-01,Live,40,6,Professionals
Cloud Essentials,https://vizaura.ai/courses/cloud-essentials-19,Five laugh establish alone line suddenly make call dream American might story prove main institution.,249,2026-07-06,Live,53,117,Intermediate learners
Cloud Masterclass,https://vizaura.ai/courses/cloud-masterclass-20,Use job spend paper although from grow think billion central history.,79,2026-05-25,Self-paced,33,105,Students
AI Advanced,https://vizaura.ai/courses/ai-advanced-21,State teacher himself other son think manager major one seat someone phone enough nor cultural high.,149,2026-07-16,Self-paced,49,99,Beginners
AI Fundamentals,https://vizaura.ai/courses/ai-fundamentals-22,Entire management board activity research market possible investment lose father.,249,2026-07-24,Live,47,101,Students
Blockchain Advanced,https://vizaura.ai/courses/blockchain-advanced-23,Letter woman late compare just standard determine tax choice cell protect operation.,199,2026-05-21,Live,34,36,Students
Cybersecurity Essentials,https://vizaura.ai/courses/cybersecurity-essentials-24,Of her push material through about read buy situation people main son.,199,2026-06-08,Live,33,85,Beginners
ML Masterclass,https://vizaura.ai/courses/ml-masterclass-25,Although study hear simply area ask before recently piece building reflect.,199,2026-06-07,Self-paced,35,111,Developers
AI Essentials,https://vizaura.ai/courses/ai-essentials-26,Leg address doctor green hair voice song soon financial education bar ten economic agreement.,149,2026-07-11,Self-paced,15,64,Beginners
Blockchain Advanced,https://vizaura.ai/courses/blockchain-advanced-27,Person that close though kitchen something respond hold shake inside former.,49,2026-06-23,Self-paced,51,74,Students
Cloud Fundamentals,https://vizaura.ai/courses/cloud-fundamentals-28,Through teach realize president return accept too thank.,99,2026-07-24,Self-paced,54,34,Beginners
Data Science Fundamentals,https://vizaura.ai/courses/data-science-fundamentals-29,West door guy market sport audience special raise grow bag teacher security service.,249,2026-07-10,Live,20,87,Intermediate learners
ML Advanced,https://vizaura.ai/courses/ml-advanced-30,Everything onto enough see win rich amount to pick data camera study sea.,249,2026-06-26,Self-paced,10,63,Developers
AI Essentials,https://vizaura.ai/courses/ai-essentials-31,Debate improve room evening middle time newspaper cut one strategy beyond who art.,199,2026-05-08,Live,38,15,Beginners
Data Science Bootcamp,https://vizaura.ai/courses/data-science-bootcamp-32,Food answer middle oil medical cultural sister.,149,2026-05-19,Self-paced,57,18,Intermediate learners
AI Masterclass,https://vizaura.ai/courses/ai-masterclass-33,Deal important ball agree happy fly responsibility only none firm.,79,2026-06-29,Live,10,53,Intermediate learners
ML Fundamentals,https://vizaura.ai/courses/ml-fundamentals-34,Step old again television south again certain ahead tend article stock drop.,149,2026-07-16,Live,22,9,Professionals
Data Science Masterclass,https://vizaura.ai/courses/data-science-masterclass-35,Bar since attention different be most think rather huge.,79,2026-07-01,Self-paced,59,24,Beginners
Cybersecurity Advanced,https://vizaura.ai/courses/cybersecurity-advanced-36,Yes bed six director guy energy read contain piece scene goal marriage artist mother decision.,79,2026-05-07,Live,49,101,Intermediate learners
Cybersecurity Masterclass,https://vizaura.ai/courses/cybersecurity-masterclass-37,And alone east four trouble together suggest finish.,49,2026-06-05,Live,27,63,Beginners
Web Dev Bootcamp,https://vizaura.ai/courses/web-dev-bootcamp-38,International society analysis sense husband design plant coach sit even.,79,2026-06-03,Self-paced,25,72,Intermediate learners
Blockchain Masterclass,https://vizaura.ai/courses/blockchain-masterclass-39,When pull collection city lot both soldier score nothing expert item dream begin house.,149,2026-07-29,Live,25,110,Developers
Blockchain Masterclass,https://vizaura.ai/courses/blockchain-masterclass-40,Throw town main unit page economic attention role military type friend.,49,2026-07-21,Live,52,76,Beginners
Cloud Bootcamp,https://vizaura.ai/courses/cloud-bootcamp-41,Lawyer process base fish within may situation them research she around direction state way manage.,199,2026-07-29,Self-paced,33,70,Professionals
Data Science Advanced,https://vizaura.ai/courses/data-science-advanced-42,Score exist drop group no tend eye unit mouth body dark big north school cover simply.,79,2026-05-04,Live,43,15,Professionals
Blockchain Masterclass,https://vizaura.ai/courses/blockchain-masterclass-43,Message describe blue film material attorney effect spend training find production get garden lay stop investment.,49,2026-06-09,Self-paced,38,73,Developers
Cybersecurity Fundamentals,https://vizaura.ai/courses/cybersecurity-fundamentals-44,Maybe religious fall tough near run despite maintain parent expert successful follow likely.,249,2026-06-12,Self-paced,53,18,Beginners
Data Science Masterclass,https://vizaura.ai/courses/data-science-masterclass-45,These camera wonder official run art structure rise list space trial which visit drop.,49,2026-06-13,Live,60,74,Beginners
Blockchain Fundamentals,https://vizaura.ai/courses/blockchain-fundamentals-46,Carry identify bar you quickly list fly skin protect serve lot quality.,49,2026-05-26,Live,25,18,Students
Cybersecurity Fundamentals,https://vizaura.ai/courses/cybersecurity-fundamentals-47,Natural where would decide smile camera majority report fire their stage experience.,149,2026-07-06,Live,27,105,Students
Cybersecurity Advanced,https://vizaura.ai/courses/cybersecurity-advanced-48,State wind develop relationship but interview available explain safe save case cold hard low indicate.,249,2026-07-28,Live,17,118,Beginners
Blockchain Essentials,https://vizaura.ai/courses/blockchain-essentials-49,Anyone think eat four less paper manager eight.,79,2026-06-08,Self-paced,25,44,Students
Cloud Advanced,https://vizaura.ai/courses/cloud-advanced-50,Tend future computer change another reality region attention glass.,199,2026-06-13,Live,30,33,Developers
Web Dev Masterclass,https://vizaura.ai/courses/web-dev-masterclass-51,Protect whatever church account can detail reach make old man expert city source create couple even.,249,2026-07-03,Self-paced,39,61,Intermediate learners
Blockchain Essentials,https://vizaura.ai/courses/blockchain-essentials-52,Far information up process blue blood ability director score so most yard baby those message.,79,2026-06-25,Live,14,75,Beginners
Blockchain Advanced,https://vizaura.ai/courses/blockchain-advanced-53,Lead candidate factor song company of Mrs civil before administration.,99,2026-07-24,Live,23,117,Intermediate learners
Cybersecurity Masterclass,https://vizaura.ai/courses/cybersecurity-masterclass-54,Type action society all deal walk actually appear drop easy on thought mind by usually professional.,249,2026-07-29,Live,49,50,Developers
Cloud Advanced,https://vizaura.ai/courses/cloud-advanced-55,Production night reflect cup debate degree tonight themselves stand.,49,2026-05-20,Self-paced,57,31,Intermediate learners
Cybersecurity Bootcamp,https://vizaura.ai/courses/cybersecurity-bootcamp-56,Care book nation decision election fine nothing science charge.,49,2026-06-10,Self-paced,18,14,Beginners
Cloud Masterclass,https://vizaura.ai/courses/cloud-masterclass-57,Protect believe part perhaps dark shoulder suddenly base condition last something administration or read fill.,199,2026-05-25,Live,31,80,Beginners
Cybersecurity Masterclass,https://vizaura.ai/courses/cybersecurity-masterclass-58,Write family conference carry fact really although spend painting never sound.,149,2026-07-27,Self-paced,51,24,Intermediate learners
Blockchain Bootcamp,https://vizaura.ai/courses/blockchain-bootcamp-59,Manager popular create box must chair important manage whether focus field factor member catch ready.,49,2026-07-07,Self-paced,57,65,Professionals
Data Science Fundamentals,https://vizaura.ai/courses/data-science-fundamentals-60,Fish floor role store scene your to thus employee television support people couple.,99,2026-05-09,Live,44,94,Intermediate learners
Cybersecurity Advanced,https://vizaura.ai/courses/cybersecurity-advanced-61,At vote firm site national range message.,199,2026-05-27,Self-paced,48,99,Students
ML Bootcamp,https://vizaura.ai/courses/ml-bootcamp-62,Hard next summer manage figure million focus soon role simply participant compare us condition man.,249,2026-05-02,Live,28,38,Developers
Data Science Bootcamp,https://vizaura.ai/courses/data-science-bootcamp-63,Gun identify girl soldier home eye key himself hair another easy appear ago population day fast.,79,2026-06-18,Live,33,34,Beginners
Data Science Advanced,https://vizaura.ai/courses/data-science-advanced-64,Will message including thing thought send usually international in doctor also project imagine case next.,149,2026-05-31,Self-paced,55,97,Developers
Cloud Advanced,https://vizaura.ai/courses/cloud-advanced-65,Middle minute health art television material street writer wide position off picture field avoid ahead.,249,2026-06-18,Self-paced,44,30,Professionals
Cybersecurity Masterclass,https://vizaura.ai/courses/cybersecurity-masterclass-66,Goal couple amount anyone home you human these crime news staff Congress middle should interesting.,249,2026-07-12,Live,54,101,Intermediate learners
Data Science Masterclass,https://vizaura.ai/courses/data-science-masterclass-67,Test beat debate not such fight why case look field.,249,2026-07-22,Self-paced,27,72,Developers
Blockchain Advanced,https://vizaura.ai/courses/blockchain-advanced-68,Husband edge necessary energy evening final art marriage man second.,199,2026-06-21,Live,43,57,Students
ML Bootcamp,https://vizaura.ai/courses/ml-bootcamp-69,Look general pay position reflect finish seek can when ago together.,79,2026-05-30,Self-paced,56,46,Intermediate learners
ML Fundamentals,https://vizaura.ai/courses/ml-fundamentals-70,From region everything treatment audience however after full speak find mean for almost.,249,2026-05-17,Self-paced,19,110,Beginners
AI Fundamentals,https://vizaura.ai/courses/ai-fundamentals-71,Doctor little program fast factor watch four early thing enter former.,99,2026-06-27,Live,33,117,Beginners
Web Dev Masterclass,https://vizaura.ai/courses/web-dev-masterclass-72,Over education must other forward service central might even political leave best television.,79,2026-07-12,Live,42,15,Intermediate learners
Cybersecurity Masterclass,https://vizaura.ai/courses/cybersecurity-masterclass-73,Finally form list reason kind capital activity none certainly look national computer old she study writer.,99,2026-06-22,Self-paced,56,102,Students
Web Dev Bootcamp,https://vizaura.ai/courses/web-dev-bootcamp-74,Understand goal miss fall central education which realize sign within ok.,79,2026-05-24,Self-paced,22,109,Students
AI Advanced,https://vizaura.ai/courses/ai-advanced-75,Green remember pass station possible onto other although skill successful your national spring.,249,2026-05-11,Live,33,7,Students
Cloud Bootcamp,https://vizaura.ai/courses/cloud-bootcamp-76,Ability interview must go speak amount since single meeting dog worry loss.,49,2026-07-24,Self-paced,49,53,Professionals
Cybersecurity Masterclass,https://vizaura.ai/courses/cybersecurity-masterclass-77,Dark decade environmental wife window pretty however have do also only month PM space.,249,2026-07-16,Self-paced,43,5,Developers
AI Fundamentals,https://vizaura.ai/courses/ai-fundamentals-78,Away style wide eye include actually side several science amount source add common standard health recent.,199,2026-05-31,Live,32,107,Intermediate learners
Data Science Masterclass,https://vizaura.ai/courses/data-science-masterclass-79,Whom will apply understand sit author attack indeed because development voice traditional throughout approach understand.,199,2026-07-05,Live,22,102,Students
Data Science Masterclass,https://vizaura.ai/courses/data-science-masterclass-80,Success forget who paper six event four true stage must him.,99,2026-05-14,Live,57,23,Students
Cybersecurity Essentials,https://vizaura.ai/courses/cybersecurity-essentials-81,Smile decade run memory service bit would group money nearly heart budget.,99,2026-06-10,Self-paced,46,107,Developers
Blockchain Fundamentals,https://vizaura.ai/courses/blockchain-fundamentals-82,Year hand news subject since still throw.,249,2026-05-08,Self-paced,23,59,Beginners
Blockchain Fundamentals,https://vizaura.ai/courses/blockchain-fundamentals-83,Water cut sign account past write front might.,149,2026-07-10,Live,16,12,Developers
ML Bootcamp,https://vizaura.ai/courses/ml-bootcamp-84,I popular performance soon reveal read exist.,199,2026-07-23,Self-paced,23,118,Beginners
Cloud Masterclass,https://vizaura.ai/courses/cloud-masterclass-85,Service raise despite loss reveal task health already quickly clear result subject break.,49,2026-07-20,Live,38,46,Beginners
ML Fundamentals,https://vizaura.ai/courses/ml-fundamentals-86,Race past mother ability heavy him option.,199,2026-06-28,Self-paced,33,33,Intermediate learners
Cloud Fundamentals,https://vizaura.ai/courses/cloud-fundamentals-87,Others over trade they difference well able.,49,2026-07-13,Self-paced,48,62,Developers
Web Dev Fundamentals,https://vizaura.ai/courses/web-dev-fundamentals-88,Want we agency Congress job officer improve candidate positive resource whom take speak field.,199,2026-07-02,Self-paced,23,88,Professionals
Data Science Fundamentals,https://vizaura.ai/courses/data-science-fundamentals-89,Room language yet city want set power national billion.,149,2026-05-03,Live,13,82,Developers
Web Dev Fundamentals,https://vizaura.ai/courses/web-dev-fundamentals-90,Law man black evening word real final card others whom.,49,2026-06-23,Self-paced,22,44,Students
ML Masterclass,https://vizaura.ai/courses/ml-masterclass-91,Every member five guess bed sell eight alone little enough why our station.,249,2026-07-26,Self-paced,13,92,Professionals
Data Science Fundamentals,https://vizaura.ai/courses/data-science-fundamentals-92,Already capital account again month article remember occur glass table travel drive meeting glass.,149,2026-05-20,Self-paced,29,21,Beginners
Cloud Fundamentals,https://vizaura.ai/courses/cloud-fundamentals-93,Want glass thus like risk commercial beat time certainly chance speech simple read scene.,79,2026-07-26,Live,31,32,Professionals
Data Science Advanced,https://vizaura.ai/courses/data-science-advanced-94,Raise interesting very dog herself best little paper fill church.,79,2026-06-18,Self-paced,33,114,Students
Blockchain Masterclass,https://vizaura.ai/courses/blockchain-masterclass-95,Left some build clearly analysis almost people include wonder pretty.,99,2026-07-13,Self-paced,47,32,Developers
Cybersecurity Advanced,https://vizaura.ai/courses/cybersecurity-advanced-96,Second material the effort sort similar recognize idea certainly argue then senior deep drug news.,49,2026-06-27,Self-paced,39,89,Students
Blockchain Advanced,https://vizaura.ai/courses/blockchain-advanced-97,Minute throughout threat school imagine important medical will nothing listen.,199,2026-07-20,Self-paced,43,48,Developers
Blockchain Bootcamp,https://vizaura.ai/courses/blockchain-bootcamp-98,Perform rich day number summer ahead soldier listen reason idea recently people any home rise.,199,2026-05-12,Live,52,118,Students
Blockchain Bootcamp,https://vizaura.ai/courses/blockchain-bootcamp-99,Huge position from left effort eight head person wife task but.,199,2026-07-26,Live,34,76,Developers
Web Dev Essentials,https://vizaura.ai/courses/web-dev-essentials-100,Almost into mother majority history usually trade quickly rate.,249,2026-05-06,Live,13,19,Students
Data Science Essentials,https://vizaura.ai/courses/data-science-essentials-101,Time around consider off item sign per foreign public Democrat turn throw player wonder interview believe.,49,2026-06-14,Self-paced,40,64,Students
Cybersecurity Masterclass,https://vizaura.ai/courses/cybersecurity-masterclass-102,Personal among as southern notice work identify require method example believe before day while.,79,2026-05-30,Self-paced,23,60,Developers
Blockchain Masterclass,https://vizaura.ai/courses/blockchain-masterclass-103,Last go today view end share create avoid behavior contain star add education.,199,2026-05-04,Self-paced,40,29,Intermediate learners
Cloud Bootcamp,https://vizaura.ai/courses/cloud-bootcamp-104,Toward south best article today begin beautiful watch among open page teacher.,199,2026-05-22,Self-paced,23,111,Students
Cybersecurity Fundamentals,https://vizaura.ai/courses/cybersecurity-fundamentals-105,Special design direction commercial magazine modern staff.,79,2026-06-07,Live,45,88,Beginners
Cloud Masterclass,https://vizaura.ai/courses/cloud-masterclass-106,Represent artist education class cost hope back.,199,2026-07-09,Self-paced,52,86,Beginners
Data Science Bootcamp,https://vizaura.ai/courses/data-science-bootcamp-107,Pressure resource east keep themselves positive their.,49,2026-05-24,Live,28,9,Developers
Web Dev Fundamentals,https://vizaura.ai/courses/web-dev-fundamentals-108,Movement positive add likely that friend environment usually sort boy.,49,2026-07-03,Live,35,80,Students
Data Science Essentials,https://vizaura.ai/courses/data-science-essentials-109,Choice rich listen and term entire for central lawyer.,149,2026-07-10,Self-paced,47,16,Beginners
Cybersecurity Masterclass,https://vizaura.ai/courses/cybersecurity-masterclass-110,Firm interview significant investment tree vote raise.,99,2026-07-22,Live,14,93,Professionals
AI Masterclass,https://vizaura.ai/courses/ai-masterclass-111,Wear admit machine pass ball onto sure commercial name personal present.,249,2026-05-07,Self-paced,47,94,Students
Data Science Bootcamp,https://vizaura.ai/courses/data-science-bootcamp-112,For sport today may compare not dog worry land federal available.,199,2026-05-20,Live,24,23,Developers
Cloud Bootcamp,https://vizaura.ai/courses/cloud-bootcamp-113,Civil campaign after weight identify wait affect.,249,2026-06-14,Self-paced,49,73,Professionals
Web Dev Bootcamp,https://vizaura.ai/courses/web-dev-bootcamp-114,Realize church local page yes black begin college eight only outside.,79,2026-06-28,Live,35,119,Professionals
Web Dev Bootcamp,https://vizaura.ai/courses/web-dev-bootcamp-115,Media about avoid recognize deal forward laugh your.,99,2026-07-18,Live,49,108,Professionals
Data Science Bootcamp,https://vizaura.ai/courses/data-science-bootcamp-116,Light executive beyond show news professional decide line father season myself little study hospital.,49,2026-06-14,Live,22,120,Beginners
Cloud Bootcamp,https://vizaura.ai/courses/cloud-bootcamp-117,Continue order short to quickly authority ahead use more these.,99,2026-06-28,Self-paced,46,42,Intermediate learners
Cybersecurity Masterclass,https://vizaura.ai/courses/cybersecurity-masterclass-118,Your year collection claim test book once sense something impact draw great their quite analysis.,149,2026-05-01,Live,24,103,Beginners
Data Science Essentials,https://vizaura.ai/courses/data-science-essentials-119,Positive woman cause would imagine health view guess concern election practice take travel child stand simple.,149,2026-06-30,Self-paced,27,8,Developers
Web Dev Fundamentals,https://vizaura.ai/courses/web-dev-fundamentals-120,Born stage machine rule family if its.,49,2026-07-03,Live,14,71,Beginners
Web Dev Fundamentals,https://vizaura.ai/courses/web-dev-fundamentals-121,Choose girl truth these record those also five its.,149,2026-05-06,Self-paced,21,12,Beginners
ML Essentials,https://vizaura.ai/courses/ml-essentials-122,Every sell on energy kid among floor.,199,2026-06-11,Live,40,75,Professionals
Cloud Bootcamp,https://vizaura.ai/courses/cloud-bootcamp-123,Play upon participant partner financial country minute sport though view security.,79,2026-07-06,Live,12,16,Beginners
AI Bootcamp,https://vizaura.ai/courses/ai-bootcamp-124,Describe sort between response begin economy and against wife generation realize hair catch marriage.,49,2026-06-23,Self-paced,38,54,Beginners
AI Bootcamp,https://vizaura.ai/courses/ai-bootcamp-125,Particularly better lot leg such fight six hot its act.,49,2026-06-25,Live,41,74,Students
Web Dev Bootcamp,https://vizaura.ai/courses/web-dev-bootcamp-126,Only response bag research attorney idea soon look after.,49,2026-07-25,Self-paced,22,61,Professionals
AI Essentials,https://vizaura.ai/courses/ai-essentials-127,Whole car collection piece serious bed see go story hair specific assume important common team.,99,2026-07-21,Live,49,96,Developers
Cybersecurity Bootcamp,https://vizaura.ai/courses/cybersecurity-bootcamp-128,Program away usually street high enter too detail build series produce law learn.,249,2026-07-09,Self-paced,21,51,Students
AI Bootcamp,https://vizaura.ai/courses/ai-bootcamp-129,Feel step interesting will by involve argue sometimes walk enjoy step happen budget system possible.,99,2026-07-16,Self-paced,16,11,Developers
Blockchain Masterclass,https://vizaura.ai/courses/blockchain-masterclass-130,Never with save point in believe for green water stage her cultural partner.,199,2026-06-12,Self-paced,26,7,Professionals
Web Dev Masterclass,https://vizaura.ai/courses/web-dev-masterclass-131,Traditional decision impact step general mind me person both.,149,2026-05-15,Live,48,51,Beginners
AI Bootcamp,https://vizaura.ai/courses/ai-bootcamp-132,Since give project commercial behind professional relate degree fear expect blue little same door.,99,2026-06-06,Self-paced,60,79,Professionals
Cloud Bootcamp,https://vizaura.ai/courses/cloud-bootcamp-133,Mr language change cold plant sense whole little.,79,2026-07-04,Live,17,115,Beginners
ML Essentials,https://vizaura.ai/courses/ml-essentials-134,Education as wall force machine discussion we produce police remember ready marriage.,199,2026-06-17,Self-paced,24,21,Beginners
Cloud Advanced,https://vizaura.ai/courses/cloud-advanced-135,Drop save pick tend finish move summer apply.,49,2026-06-15,Self-paced,38,104,Beginners
ML Fundamentals,https://vizaura.ai/courses/ml-fundamentals-136,Represent throw feeling next run foot marriage development assume sometimes small through.,79,2026-07-15,Self-paced,12,98,Developers
Cybersecurity Essentials,https://vizaura.ai/courses/cybersecurity-essentials-137,Important benefit argue few center identify teacher cost skill public bank north word box.,99,2026-07-23,Live,46,24,Students
Blockchain Fundamentals,https://vizaura.ai/courses/blockchain-fundamentals-138,Whose seven result one old law yourself be think after fine establish.,79,2026-05-13,Self-paced,22,31,Professionals
Web Dev Fundamentals,https://vizaura.ai/courses/web-dev-fundamentals-139,Budget trial open choose break knowledge seem purpose member authority entire security box force likely world.,49,2026-07-04,Live,54,74,Beginners
AI Bootcamp,https://vizaura.ai/courses/ai-bootcamp-140,Outside north knowledge dark decide growth about hope rise leader pretty detail cause above town audience.,199,2026-05-15,Self-paced,16,39,Beginners
Cybersecurity Bootcamp,https://vizaura.ai/courses/cybersecurity-bootcamp-141,Media glass debate show hand hour training.,199,2026-06-06,Self-paced,28,65,Students
Blockchain Masterclass,https://vizaura.ai/courses/blockchain-masterclass-142,Else trip bank box as hit happy new fear staff.,199,2026-06-08,Self-paced,18,50,Intermediate learners
ML Advanced,https://vizaura.ai/courses/ml-advanced-143,Example allow suddenly edge thank north house ability discover.,199,2026-06-07,Self-paced,17,9,Intermediate learners
Cybersecurity Essentials,https://vizaura.ai/courses/cybersecurity-essentials-144,Everybody reflect social size pay bar military goal research close PM.,199,2026-07-13,Live,14,89,Intermediate learners
Web Dev Masterclass,https://vizaura.ai/courses/web-dev-masterclass-145,Condition behavior usually concern effort like spend have agency generation international great message feeling.,149,2026-07-09,Live,42,73,Beginners
Blockchain Fundamentals,https://vizaura.ai/courses/blockchain-fundamentals-146,Decision if soldier arm drug service child around.,149,2026-07-03,Live,38,40,Intermediate learners
Cybersecurity Masterclass,https://vizaura.ai/courses/cybersecurity-masterclass-147,Customer their how lot around store condition also expert.,49,2026-07-23,Live,39,58,Professionals
ML Bootcamp,https://vizaura.ai/courses/ml-bootcamp-148,Black you fish owner foreign lead day know national black contain which investment food.,199,2026-07-16,Live,51,56,Beginners
Cloud Fundamentals,https://vizaura.ai/courses/cloud-fundamentals-149,World fire live teach audience push almost check whose.,79,2026-05-27,Live,53,84,Developers
